Income,Age,Education,Credit_Score,Years_with_Bank,Transaction_Count,Balance,Loan_Approval_Amount,Credit_Card_Limit,Purchase_Frequency,Customer_Satisfaction,Online_Activity,Target
66161.01279454936,57,Bachelor,503,1,41,1968.9198987786815,2517.1592838888955,5813.342699564107,0.9754093426257522,1,0.20269289434656723,1
78639.20247793145,60,High School,779,2,27,9797.05637053056,31501.758838769376,3991.007636698406,0.9459202389602205,2,0.5493582343842951,0
70207.2532053733,46,High School,519,14,95,7024.173402529652,16444.341582968314,6036.140566726126,0.27266389116081124,3,0.8429925340033894,1
65866.23872476726,42,High School,834,17,77,7992.359260698853,45233.59293899587,2691.1928617839353,0.8143851000802041,4,0.11947317436885341,0
56774.10995041786,36,Bachelor,410,12,58,538.6910418759783,48586.58247941233,10144.073092638395,0.3465231649944134,4,0.9901680166587506,1
73442.0584799992,21,High School,768,15,46,7226.57415317539,13968.147729934508,14188.800334067873,0.64551629553492,1,0.7596127775421859,0
57819.040844701936,62,Bachelor,430,14,81,4836.263057820042,43456.20153851531,18221.08675188877,0.3259104437690329,2,0.24852997700461998,0
91882.97505865598,37,Bachelor,420,9,59,7949.26317658378,18869.30000998686,15163.018948833844,0.1966763600522652,4,0.9747746260077895,0
97274.7070375772,63,PhD,651,4,24,7160.577123096495,13426.761574185308,3065.6524768884315,0.579067539631366,2,0.2284962763188947,0
53758.113911933324,18,Bachelor,484,10,73,1764.1876141359946,30247.50237991212,11167.862033826901,0.8506985133254209,4,0.8629705506656606,0
84379.37785619983,28,PhD,410,18,81,9187.200484597459,45720.86042636906,2507.1208060227355,0.9570431690051304,4,0.2465576894000039,1
64667.11898146784,21,Master,490,6,19,5777.064628516862,7620.394764459941,11882.796536294803,0.26252410687791705,1,0.818504495424825,0
67603.34208204492,24,High School,389,12,75,3857.261104604723,13286.349541848753,11038.655276189322,0.6795419345489739,2,0.3267123782277278,1
94419.74787194957,45,Master,618,14,16,2277.063971733957,2815.1847527047776,1123.831875103916,0.8253688472219542,4,0.9961987485371028,0
30327.70436484152,53,High School,593,10,89,7835.391952222573,15809.175545907176,15322.452319538308,0.21166891759801065,3,0.81496201165544,0
31534.697477615555,24,Bachelor,459,14,65,9707.023907775747,35898.20738722502,13187.076033777297,0.5120345916819744,2,0.2546634423088421,0
26516.37980802443,37,PhD,615,14,4,7355.203736373996,6033.980698300833,9621.346058844478,0.9055163135820159,2,0.7611595004436532,0
87446.48841609535,52,Bachelor,804,17,91,6098.63615190493,15659.158203848707,18460.36746332629,0.8648867795992982,4,0.5737284221084351,1
83361.75632123879,56,High School,639,18,21,9503.362098625175,28095.30090916054,9599.490747002841,0.0112900823362867,1,0.23247029152116572,0
90250.91111851143,38,High School,660,14,48,7115.716001488787,39765.301720417556,9760.959543533761,0.6241641409690867,3,0.11587944777172898,1
98396.3756674573,61,Bachelor,677,8,63,4564.726478409156,49471.05840979859,4091.229184703926,0.6353954996027262,1,0.44406742943209465,1
84936.89231625426,18,High School,352,18,98,3216.5384144379727,21882.489444386298,13633.199378174158,0.9910892293627157,4,0.1668113649624836,0
59610.95216896989,54,High School,598,5,25,1887.0536624168155,26567.32121921255,4201.738090535637,0.6885117450500502,4,0.8421611792154747,1
83539.68822148416,63,Master,573,12,83,8736.807502382726,43773.15539116367,6883.113721585304,0.5397510128469556,3,0.3219319600061067,0
33870.58194016999,59,Bachelor,338,16,41,7228.892195082053,23960.38806599864,14284.632954014614,0.1821094473603393,3,0.15845087259953894,1
72994.07659956429,20,Master,782,9,10,9780.789135777139,11479.173524294174,6815.100517007985,0.26404197481670666,2,0.7214480903335541,0
35751.49655567848,51,Bachelor,493,7,73,752.0338074537225,44584.04391858287,12453.609271156527,0.819844740585642,2,0.24297205498268093,1
95850.1687787188,30,Master,514,8,72,3147.240583032893,36738.62640519228,19557.51089320089,0.06957498645340321,2,0.6851095134437247,1
64138.624131255376,33,PhD,345,12,93,4064.6254204311504,19470.17963653364,1819.246656125596,0.014168726025621248,4,0.39940283311198155,0
56099.64549928927,51,High School,422,6,42,9625.423515918257,24893.627970891623,8489.949922267027,0.6113608618190601,2,0.38909131714589307,0
44841.67090784702,41,High School,834,18,20,5907.8658383843385,10890.068537148481,18094.962381104237,0.6761374906028279,4,0.10387450843738977,1
83067.52670756626,30,Bachelor,531,10,87,6800.837840490205,3226.83647622442,12207.494336525979,0.8257390129986055,1,0.001320093455632998,0
59211.27491624114,23,Bachelor,810,1,68,2708.6236867557136,16841.23585448045,18893.726844109708,0.5302245759297051,1,0.9463161188166692,0
67632.54616514864,56,Bachelor,648,7,79,2574.8830652559604,32070.12310608531,19058.835291378065,0.8423693257581816,4,0.008469059196420603,1
26409.235032726636,19,Master,621,8,67,3427.7171626805534,14853.291914018111,16721.13682835312,0.8252105694455886,3,0.7415333358783572,1
71322.66228069077,28,Bachelor,641,19,88,839.9694727815732,49277.982898644215,7610.467453195407,0.38962700559101093,2,0.682505409459289,1
70907.17920418161,24,High School,844,7,25,9395.155931013467,5964.590385330525,1507.701267045728,0.09080942597582475,3,0.42244360108727264,0
71270.04976560676,24,Bachelor,734,4,85,4051.6105906420894,32607.273452289028,19122.311321425444,0.7629538660160151,1,0.5408332638694195,1
95781.10588859681,56,High School,626,6,36,2005.0161740114313,27763.749407320458,4877.531143968243,0.9651429881571388,4,0.4320555222425263,1
76136.52243276125,56,Master,784,10,47,3438.1403537337906,1156.8685269517077,5609.053666337396,0.8783601241301412,4,0.6841957438864824,0
51963.092543033956,29,High School,451,6,33,1957.8903768734879,42178.84891215696,13652.187204811402,0.6332992091355832,4,0.721214767690516,0
57777.39653495061,39,PhD,422,17,35,2558.3927833607445,20965.95566159145,14341.467034246696,0.09608301024271249,4,0.28163004107602596,0
77322.33969454486,20,High School,382,7,43,7575.959669232927,26197.47477865869,19221.3489155576,0.5921911832712979,2,0.8494203108598954,0
29516.910372195238,30,PhD,402,12,93,2380.220452308389,36543.05429021523,12310.063986138808,0.0157005325394185,2,0.5197992334450882,0
75007.50365842508,47,Master,389,18,38,6988.434313256156,36445.30741495652,9366.269156096174,0.5919764790316657,4,0.8447031132080349,1
75297.84022136196,27,High School,379,8,83,5933.655194746951,40065.802224417974,3363.2452932459246,0.8337051873386557,2,0.932012042261985,0
40778.692080538065,26,Master,413,19,56,1450.8289410838793,6602.708900151351,17290.796455732445,0.7414539851063399,1,0.4977236935765442,1
34669.472324114,23,Master,455,11,36,7637.086131477745,48303.79016710757,1841.0322524193705,0.6156980994895173,3,0.7620334953762341,0
48657.126319313786,61,PhD,813,7,66,8528.72494634448,43639.14263681831,17192.35318619742,0.12054859098578008,2,0.5471399038513607,0
52278.3078206967,19,Master,565,5,94,9559.874580863234,44371.465857979456,7389.965250768581,0.17280746766275823,2,0.4210940228127181,0
67764.75778134097,61,High School,415,8,21,9589.99349422667,32905.656830809574,18252.557486643713,0.8451146522133531,3,0.3914986203076761,1
57895.113509674025,33,PhD,695,16,47,7063.7079748956185,15179.265092034871,17161.833817645296,0.5914808646229385,3,0.5834450893669901,1
99128.03785444197,30,Master,364,14,99,2913.445390088062,35498.65368785827,14279.570457143986,0.5218917329794674,4,0.3818370516855395,1
32653.360806102104,30,Bachelor,547,4,92,379.1166827812342,38888.81063810058,1405.4862828077623,0.20812275389779322,3,0.7950793273364696,0
40665.7567071126,39,PhD,805,7,63,3902.3041908330692,12233.063149674732,14141.64637477624,0.42440382554854295,2,0.20732605487493228,1
37098.213841374716,36,High School,489,12,63,7331.266083605984,42909.27590537478,11674.67393123878,0.5808811252392402,2,0.2713166761604797,1
73983.12440990488,43,High School,354,8,79,9406.386129939066,25040.30650289299,5791.482077175523,0.6280945862603285,4,0.5379572403216943,0
43996.87019048366,31,Bachelor,592,12,31,1135.4036240855326,12408.390328488706,11960.525931369033,0.7034478816959286,2,0.30031827530016686,0
59973.30796422297,48,PhD,768,17,92,5422.419402296902,48354.29576060042,17141.332138475984,0.7482527374560811,3,0.7088110890758457,1
43331.919400120205,46,Bachelor,426,5,52,4747.737178366688,46207.01848041538,5002.380860303039,0.6208576265873745,2,0.5333368713280789,0
36922.71877341398,62,PhD,319,19,5,457.28304332407265,36110.33356465989,7453.318589862317,0.1555839233441182,4,0.0869173130142954,0
33278.13558732289,59,PhD,496,12,69,6506.77420127789,27480.371419226856,2677.9056179791514,0.5423217530554092,1,0.7570263611529157,0
74224.7192098955,39,Bachelor,469,3,7,8725.796926421935,18987.689219752094,15789.105125351756,0.07481432464823179,2,0.21954498044282156,1
35363.721351146036,24,Bachelor,508,17,42,4618.526066430578,44231.29969738204,2887.5183705567656,0.590799840377505,3,0.9437055705475051,0
39743.67712600401,54,PhD,485,10,4,5232.657225769232,38900.446646314806,18327.81895080176,0.9794066578664922,4,0.4373953769196791,1
52654.38779957231,58,Master,396,6,40,1777.898690586137,38594.52235976115,10706.255642103122,0.26724711204059237,4,0.7393785644549071,1
86574.49223859514,44,PhD,578,9,28,1211.1848966472937,25835.09872827753,6191.793621559414,0.39184071436287926,1,0.7855491148392068,0
32282.595684479595,48,High School,431,18,14,6138.478434042442,3006.5963658579194,2330.502503625352,0.27256206909933245,3,0.6086794728359157,0
87845.8680624103,23,High School,692,17,45,7164.101248607516,28351.84636545229,16538.024398820835,0.5589102949551421,2,0.24061904447222326,0
32207.38059204723,33,Bachelor,469,13,1,2875.033728818406,42549.152027526456,8453.483721183136,0.04378694045139242,1,0.14366802437322368,1
98234.45987600468,55,PhD,402,6,75,4994.505065273485,25855.50098769106,17811.754092825307,0.9939418176200965,2,0.729108297169058,1
60148.84012357762,55,Master,395,19,94,9580.593879308486,37353.429393607934,14690.479934063982,0.7967537598041238,3,0.24854332424463077,0
98257.08161427529,49,Master,408,13,79,333.2354270115867,24165.17834138673,2598.9319286081322,0.6173737056966847,2,0.27748794656542597,0
70363.41398087845,50,Bachelor,391,2,1,2358.134164701342,28426.014005929825,15670.37486321997,0.8126261418839864,2,0.6448170887034701,0
80444.76845487262,34,Bachelor,723,11,1,1030.5325367672324,3260.8373512107582,16629.974677459137,0.22140911337068736,4,0.9856537613507558,1
27939.08441907405,50,Bachelor,358,4,97,8219.9243257057,16208.624958973372,2903.5171110525143,0.8584339513047574,3,0.525678922749415,1
46210.52219323072,28,Bachelor,305,17,12,9922.434545923017,45011.1048834365,13734.719088816506,0.983595533149295,3,0.34054019876545893,1
34014.74209098767,30,Master,373,7,30,1597.2900663403823,16128.821110626,5198.639653338403,0.6355322595424623,4,0.034342496823584256,0
47210.514814160866,47,High School,440,1,6,7519.009030807003,23224.522308144406,7371.682843657037,0.5627594388786916,2,0.8162712413099044,1
33904.5789215683,18,Master,525,8,70,2873.7897488801423,28914.175856311274,3667.730088285787,0.4513634919889683,4,0.6752267527774698,0
48848.738454548205,47,High School,827,4,58,3287.4465112003104,38507.6965423401,1832.157517985333,0.642652028672039,4,0.7429368971397003,0
56069.72458860025,44,High School,304,5,31,9298.480944739104,13158.453549249405,17292.62280892012,0.6562835043515303,3,0.12865259444005683,0
29811.06222615883,57,High School,366,13,19,7125.231372027768,4561.216089652822,18724.766321557552,0.5553132282501252,4,0.6034547573378957,1
76935.40895275149,40,Master,665,18,17,8120.745035873878,43127.24311795533,14713.679397914884,0.7621475888413183,4,0.1323667497226818,0
67495.10906549313,37,PhD,628,9,82,4547.614375911113,35995.12839907666,4123.163209693703,0.35416103197105253,2,0.10264436110460196,0
44904.21182045841,23,Bachelor,561,16,76,3272.626783101743,38797.67180240009,1017.3454712765221,0.8112001833075243,2,0.739302113666842,1
64243.60401000248,54,Bachelor,635,7,10,1383.0674632917205,9370.15516899071,7905.875881213007,0.6353018152342257,1,0.8016711349187127,0
32045.538306883125,37,PhD,773,11,10,6253.781797547743,24149.755782202057,11360.965890272746,0.3455877238488584,4,0.5476938027009782,0
68195.98716671344,54,Master,517,2,91,6798.350736566133,23341.93417900959,8922.305634053979,0.1793010963619731,4,0.1407112885374452,1
94697.21481821606,23,Master,695,5,77,9303.97429092335,25665.272580244433,13683.621243801403,0.4816509053973955,4,0.7493428464858709,0
48892.671433849275,46,PhD,399,5,65,1251.5393813320452,45996.34746098183,6288.904468133261,0.4540688358307756,2,0.10703503033382,1
75055.77849727613,30,High School,838,14,29,7370.604461513606,49592.70108553043,6509.100212045917,0.2946237960912015,4,0.5839133888831423,0
34884.839680329416,44,Master,555,14,78,5465.400163197721,2550.6422764408135,1115.1501354520724,0.5914170236385018,2,0.7339986736290426,0
78724.5403088924,37,High School,555,10,88,4573.3010677011225,10032.348007268241,13188.828646529833,0.005397599132814679,3,0.7135381867436565,0
46705.45697104008,30,Master,541,9,59,7529.183799346751,42187.30236542401,17073.693595769204,0.3264202703000597,1,0.7117320695001295,1
38739.35215053376,56,PhD,611,7,49,6072.755152331501,5291.0170023018845,18408.61784590449,0.649064242840353,1,0.0375603208255918,1
68988.47011075623,25,Bachelor,822,13,28,1027.5444369604625,48800.09700764566,12155.973763083564,0.025872855486884117,4,0.9022994708990524,1
26508.065964062018,34,Bachelor,580,3,26,4191.56398250621,35516.198441652894,4641.409559647338,0.5765630410282961,1,0.4822431959124699,0
87170.50219130224,47,Bachelor,811,4,85,9956.70193635887,1558.2107649454745,8796.108616918224,0.376472211684434,4,0.1388614456013879,0
25352.16071444103,18,Master,651,9,77,7675.55224088327,35202.057073101,7796.002660538529,0.7577361724995625,2,0.49835493905665484,1
75836.24025971725,41,PhD,343,17,25,7625.803781772679,16122.377993512982,2088.538112460482,0.2124057071738562,1,0.4967862936181475,0
45250.59798941236,33,High School,355,6,6,9222.061356406637,25571.107537622967,1267.5710967602918,0.8215781844847808,1,0.709738292044724,1
80139.5516591946,28,Bachelor,305,9,35,7293.8546821909285,7845.6681699288465,6900.292664756564,0.20681469203299974,4,0.2402701547254168,1
97164.14088380786,21,High School,707,6,77,8479.846900595416,30572.09015569242,14476.690268820854,0.6064714588947195,3,0.26691143025534503,1
43656.485763996854,21,Bachelor,342,5,60,4010.8341407113603,11456.860864146398,13367.793533136415,0.1980409965550174,3,0.07811172675942502,1
68211.80008133777,34,High School,349,12,44,4001.4465895369967,14858.442287567874,15540.027093468012,0.547190552672642,2,0.11354148405707132,0
69403.14484538793,27,Master,657,3,80,9570.318254248034,35106.840008563464,17629.47303894459,0.473688733136844,2,0.41826555525150555,0
67918.8929343155,38,Master,727,7,60,7574.936401354052,10741.692660360553,19027.375967034834,0.22392280219685912,2,0.5375182542786365,1
41731.12244804637,55,High School,452,7,22,4713.154529250501,15150.706905931867,16164.3184531645,0.5836564612221091,3,0.89978563694969,0
96456.17586377387,35,Master,637,13,13,4895.966303431498,5257.397869311281,1770.7941639444284,0.220853057378828,1,0.7050586037235405,1
58534.40339632205,27,High School,833,18,99,165.90752458605974,30419.19364362827,19403.37360658228,0.5088539412811638,1,0.990912001783642,0
88480.6504353346,62,Master,446,17,6,2297.335889921319,12754.70947439187,6979.828177607638,0.8568590448644772,4,0.5935778950673907,0
77460.94564881282,33,Master,363,6,21,4713.02188097425,44195.893125597424,17792.139605325287,0.8639568703447947,4,0.9389162677850174,0
47307.771314135025,56,High School,645,1,32,2937.9873945258437,29976.998767333327,3553.838091400346,0.6472791414591111,1,0.8549565662896452,0
86034.83647768579,32,Bachelor,841,11,99,9818.160859639553,11866.055795930766,13458.191707789712,0.4653240726296364,3,0.02767682671440519,1
54737.93056352385,51,Bachelor,593,18,24,1155.2222031708181,1357.072657454632,7104.029941082872,0.6693901661637897,3,0.7961934049693857,0
91082.73978333712,22,PhD,468,13,20,5055.579969911202,6720.353280123783,16087.716501460565,0.8102809438971414,3,0.22323545981902593,1
68595.4654476894,34,PhD,797,5,86,99.12599002858346,12295.998382152064,3442.275849182303,0.7914884286505683,4,0.9483006454847971,1
91130.15213911395,54,Bachelor,662,11,48,2725.183872669393,28073.09057905143,10650.971067910252,0.5484033033134915,3,0.11967907621298035,1
76939.86925583244,25,High School,523,2,7,2244.3086745723817,10459.378168071658,19659.118707286296,0.3074006931782586,1,0.2054736980285583,0
79394.07098647303,41,PhD,403,10,69,6050.893251932438,34452.44835359307,14786.866213616151,0.6578241921695324,4,0.3033650809271392,1
62599.32864450267,45,Bachelor,567,17,74,8872.189456093023,5350.08784807884,3414.8116067292567,0.018989531499529644,4,0.0030916223573048685,1
96706.27260424179,64,Master,612,14,25,5664.434971929948,20586.86103139931,13506.128300507064,0.9687722537360239,1,0.013682571367213181,1
73299.2649422228,25,Bachelor,747,10,48,6441.025446494464,12592.80441939506,13756.536858504875,0.32970059561600684,3,0.6383177199369757,0
56789.12864186348,40,PhD,442,13,33,2799.233821168634,40340.19282021648,16689.845374166674,0.4175190524125477,4,0.055884095097242126,0
70479.49105959432,52,Master,588,13,75,3088.664887967655,7269.6918957645885,6637.904350837509,0.5479229510768063,3,0.10127330227010678,1
26439.489873200015,48,Bachelor,493,12,91,4990.052427896006,6909.424075330382,3789.5861786233377,0.7174883294824279,1,0.43355471551991165,0
47618.1112505912,34,Bachelor,421,17,92,5685.596634754965,39294.51210825671,17087.575982084323,0.16178653409789534,2,0.7590588292787949,1
74513.01531195137,45,High School,673,19,17,5463.2892066559825,18237.537533462746,7932.288948744025,0.37586470916256465,2,0.35228807920745187,1
46755.8205407833,29,Master,336,6,99,2600.463465703979,39574.802124707116,9346.22450092419,0.3189004738904365,3,0.8864172328676018,0
71351.15717491313,41,Master,325,15,23,1459.7339045716506,33569.99460553678,19236.71583817446,0.055952999277302906,3,0.17734084252010274,0
57157.65257093246,32,Master,372,5,29,3683.723639722405,5322.314162108554,9711.332081479834,0.45387066788587904,2,0.22445162752588999,1
35160.55481668377,57,Bachelor,350,19,29,7841.194815027248,48581.4090904355,2550.6638728503513,0.08796080646516391,3,0.043838785292732885,0
47371.17444670231,48,Bachelor,824,5,79,5961.3301973768785,46592.89281761284,13559.53154509956,0.8821568911934837,2,0.806260580859862,1
67747.36830259487,44,PhD,447,19,90,1818.7303979852486,40290.52386477078,14618.799290512292,0.5296766771972773,4,0.7673172243930946,1
69315.45709361299,52,High School,694,16,6,2332.177399724685,42080.304804898624,9878.308719978524,0.8178071324672784,1,0.927893967468398,1
68074.39366371841,35,PhD,819,1,67,9041.922273922057,31405.479194701464,14357.287900420168,0.5955529299611758,4,0.8570749103773149,0
73990.06148928503,53,High School,392,18,36,3961.878473951832,46082.75896202161,8525.618966044214,0.9357703614435252,1,0.00610043790859649,0
73907.74525012667,25,PhD,826,6,76,8537.008950604815,21373.588139298772,18112.290553544997,0.08172714919085056,3,0.634485601429288,1
57356.38265754805,63,High School,756,12,52,9774.71097459519,44777.78352819659,15641.335065838139,0.7320157554918997,2,0.21339944841192737,1
92240.99468882973,55,PhD,346,13,78,3578.672992505788,23455.4407197324,6306.8875040194525,0.682723344423835,3,0.056528153114005164,1
52567.14025359224,22,Bachelor,527,6,57,129.17682763974648,39307.27088992802,9970.882307403012,0.795202546745456,3,0.9798914837508227,1
57689.86939492201,31,High School,335,9,96,7277.88750592016,24304.38510905913,14721.79492039261,0.5728920649557065,4,0.29574026360924277,1
91894.2516261754,55,Master,509,15,95,4854.381353345607,35163.60791881656,11149.3202503487,0.3014526391800728,1,0.43821568043592474,1
85464.54917845642,37,High School,451,17,6,8874.218163011607,22199.284525244617,10878.856071302382,0.3124404127065332,2,0.4730751417667758,0
77791.64376552746,61,PhD,361,17,30,1692.2909038690193,19678.674412263692,17008.232521303245,0.8876199469039796,2,0.9726197063407195,0
32517.016548422584,26,Bachelor,481,11,92,2432.475502126199,32949.42990745314,13401.359505630888,0.35449957337968163,3,0.496006200648513,1
93961.19603085052,50,High School,824,6,54,4716.417357681792,39307.065600351445,18868.950295368173,0.8141139355952729,4,0.7261439881022008,1
78568.09746618336,35,Master,729,16,66,1357.7579001831186,4991.294778850862,6160.136891903616,0.7658994949659017,1,0.2706334825781672,1
99913.52549259,23,Master,819,4,62,3603.33998408083,13940.412310556781,2894.922497475732,0.5100787455200094,2,0.5596682886457823,1
36208.62284934953,54,Master,806,7,27,155.637247309397,29843.597971961095,4533.6784293248165,0.9120757331639016,2,0.5116516958543174,0
90109.45430261607,19,Bachelor,731,17,29,8017.804307853092,15400.483923936683,4606.726178405479,0.3007589027504035,3,0.09091854816296452,1
37186.97010072811,47,Master,410,19,40,1007.0408158219158,29469.85247826106,11529.776382740134,0.006539077457156872,1,0.8608418533716417,0
71166.9673212883,23,High School,534,17,98,5958.579436462103,49676.31273389236,10726.49156684291,0.7577412533720842,2,0.15363982275184518,1
34286.49871370811,34,PhD,762,11,48,2622.313130237879,44370.016084874405,12286.374836547926,0.7647814922721793,1,0.43364686199679914,0
88600.61719916758,56,PhD,389,16,33,300.1497125505392,29305.904448121895,4820.074044276864,0.195856672762859,3,0.9093504647240694,1
85548.9219043758,58,High School,401,2,5,1096.9515288532295,4346.726575858264,5546.384262182445,0.8156665573259463,3,0.602680766313723,1
67682.5553960945,40,PhD,676,11,55,6992.1516787396795,41320.22597884017,2082.1691625413782,0.8589865168226206,4,0.38507975252983184,1
55538.74729194997,48,Master,484,13,1,8910.623143547655,47629.99970219909,1481.1092204002664,0.657096225498859,4,0.7908472530051954,1
30187.524659135353,37,Bachelor,334,3,12,546.7774925692404,7261.417756775235,7753.568283110158,0.5195201432324199,2,0.06614570898912708,1
77307.15798584226,22,PhD,823,19,52,2814.366442134969,31330.517111669917,15179.976399087844,0.6284701283830701,1,0.7604502255353293,1
59015.70120085516,38,Master,439,8,69,3984.3170607393317,8264.157907335682,14302.11706484955,0.6368386908464867,2,0.8646166264627154,0
79154.1699602761,60,PhD,660,8,27,9786.826215250232,6454.690049459786,13640.904614900495,0.8489526223558034,2,0.7775166691406868,1
89978.67444464719,28,High School,720,2,16,4426.679475683098,18980.523823661064,1407.937723858319,0.22933639597412891,4,0.28644637873706225,1
98164.11287521644,21,High School,477,13,93,8248.608765285227,13394.898634962723,19021.88407173473,0.917005478302392,1,0.34031719363416735,1
89185.25067944583,40,PhD,523,13,17,2811.1987606693456,37063.290198651805,7467.551859746511,0.949881326350313,3,0.8371113988941102,0
25878.55631387515,55,PhD,439,8,71,4681.697075274677,12083.718311663597,9248.041981831531,0.22004911688503326,1,0.22614330328390697,1
51998.3548358773,47,Master,846,13,96,8258.616403155806,42469.32097919032,16223.812059646643,0.10527345623644146,1,0.5378935759654132,0
79749.29218180435,59,PhD,760,17,3,7686.920896939245,12787.18984708333,2739.062317156447,0.6735920616073618,4,0.5588691244923212,1
37872.225794608035,58,Bachelor,595,17,18,2385.6602572266784,33311.47387072235,4360.199142877609,0.11293144772785457,2,0.8123286256557702,0
64077.745465309694,35,PhD,668,7,66,2527.1748777558923,9563.117641944507,7186.6271033974845,0.24907111016087713,3,0.016132016024285267,0
29075.349125444023,58,High School,822,5,33,5484.729851323839,29510.974191702946,17024.33144311473,0.1641548253660814,4,0.9998972930711143,0
39999.73936723001,60,Bachelor,677,14,98,9380.150047976813,25686.302928303216,14029.863184351114,0.8583167158012863,4,0.14014000048212238,1
26389.13458454605,48,PhD,375,13,39,1199.2793797598456,28997.648267021763,7809.493547212951,0.9089152651396276,3,0.3560662722464716,0
84527.32775180654,47,Master,351,2,69,7720.619880324344,19861.993352510624,18733.95010252285,0.31330471767032386,2,0.6707334007765151,0
41794.35160452851,51,PhD,800,19,95,7376.005448122119,46584.98055120907,15890.325683219395,0.3317031415409445,2,0.019487852421467222,0
50901.376052267704,48,High School,391,7,5,8507.756472326466,16214.88191451322,1198.4997352699654,0.4642423125069758,3,0.49540739356692143,0
94606.09700991932,64,High School,572,3,80,8892.003677540366,45498.19491965531,9555.518858151048,0.13603599432857794,2,0.013223039024385264,0
77831.08014426497,55,High School,619,15,22,8834.25456709705,37607.8798856822,9076.3239316633,0.7810030603561879,4,0.25419172353617314,1
27387.91971484809,42,High School,560,14,11,9009.15898603207,18953.062847547284,5476.39867199788,0.5330957322206696,4,0.919521988022191,0
37352.06173734346,34,PhD,815,6,17,9807.048401602005,23471.266654805753,6353.315798155497,0.2967126135330964,1,0.3085952267210589,1
71610.88011248226,53,High School,444,14,3,3324.2954077714558,43767.060382837146,13974.090363593059,0.4819142612550833,4,0.942500588440469,1
68292.14414531257,57,High School,682,12,47,9290.11328676623,9843.056565789539,5568.521898649501,0.5928124962446274,1,0.3881708912412729,1
42841.961603088144,47,Master,567,6,62,9475.603114809199,8559.132124780168,15066.280437364567,0.3441478344139839,2,0.5677625739242329,1
95066.04984435953,19,PhD,450,18,47,6481.822785294828,28801.55152805678,9918.733118868415,0.2681678962995736,1,0.740586470433326,0
71047.4466974422,41,High School,519,13,33,6645.907440712826,49102.16890247188,2513.414470529403,0.14596480901134845,2,0.8335202953187767,1
65172.46022687187,26,High School,372,7,24,3585.5855464615315,25493.82955120578,8724.130908272324,0.6814818385140804,3,0.04603657777533121,1
69243.24822659283,18,Master,594,16,62,7453.039257574423,31145.07994806009,16038.799063170947,0.44221169588802656,2,0.35758880282311245,0
79759.15221375771,41,High School,644,10,2,6025.60945535233,31664.91719007544,3455.8947686303254,0.08790917417649158,3,0.06407087344068563,0
48395.87466097014,55,High School,619,11,37,7863.189771806526,34808.72976026773,10551.026205423155,0.6082082272659735,2,0.9726530512437048,1
54866.57966620689,44,Master,816,9,90,1535.1360575498784,34016.325955567074,4540.053690134521,0.11663535124753133,2,0.26885651944860245,0
40738.281173134164,43,High School,715,17,9,8145.926584868196,43888.814380562464,18600.8162301816,0.13345191839380477,1,0.4176248082537868,1
38964.47544102521,43,High School,503,6,48,7233.816185079431,22216.812668842602,11421.56345007629,0.6468537188265623,1,0.416049407077819,1
95827.92924879502,24,Master,598,7,92,5459.453059479227,47403.16670143146,4140.042929764613,0.8604104720561632,1,0.346951414769065,0
80466.30962869656,42,High School,487,17,1,2597.1651395090967,39133.28248680048,11621.913385104017,0.7265629659980624,4,0.1284709739864357,0
61784.410646317534,33,Master,610,7,36,976.7420497731815,14436.98900577926,19213.235356588655,0.986367585635185,1,0.2403731192809826,0
42056.09709799924,55,High School,735,17,27,4848.333169066657,15177.754160321922,16765.554850716653,0.24498961979555156,2,0.6178538078402518,0
44076.73613277947,59,PhD,383,7,63,1446.2155907453855,20530.304580274915,7462.029758760743,0.826113660191025,4,0.794176068824802,1
29352.187024290673,35,PhD,497,2,53,7617.73167168019,48571.51597541274,15128.487870020195,0.5968014757495858,4,0.8428904423826141,1
57581.24691685906,34,High School,645,16,23,9245.5893317533,2147.101399750064,14042.50485871805,0.7540524075873528,1,0.23982989400157373,0
48384.69114955769,61,PhD,601,2,32,8203.213035248096,4934.423395832848,15217.051586042098,0.48005341395654233,4,0.19059896177676527,0
77225.76166115946,64,PhD,667,15,2,3304.589094697634,22311.87559602398,10186.209489336132,0.12469284366753175,2,0.46186330743652715,1
53331.38794693607,23,PhD,615,1,94,1460.0434863649148,30237.481972585814,18461.33746668486,0.8103240037012289,2,0.479572583415117,1
38470.27581697261,37,Master,454,5,4,79.1325328959802,47066.88929247032,8078.873157433442,0.3473207213248848,3,0.36422693508564563,1
26850.904629349843,40,PhD,716,8,4,6636.581318368606,39927.12310918499,19288.261819454678,0.16237434574697007,2,0.349495812200617,0
30043.722359743646,63,Bachelor,627,3,99,1876.120792108017,2870.5163280200195,3326.1053189339877,0.5333501656151496,1,0.7316485442113633,0
75954.45801239254,29,Master,396,18,37,7165.543241648113,5759.787644036382,18717.218500914958,0.5281688804377761,3,0.9792543824029485,0
59027.2633417034,29,Bachelor,813,15,43,5754.328144997099,8563.808900154774,15483.62488828707,0.2609291302950012,4,0.01288159213642659,0
65243.44083315416,51,PhD,802,5,21,4700.174829462942,40033.42983598984,19148.85728686006,0.7498928606016784,3,0.11043665225998911,1
92250.34697802566,25,PhD,731,10,6,7675.392416193176,17207.48447031304,11519.037063283526,0.35825740005350326,3,0.23995779433496978,0
99275.42105475282,44,Bachelor,680,9,89,9810.66222940361,40147.751213828305,18796.977583328593,0.5308068018574165,2,0.8844042549736998,1
41267.27382988555,25,High School,665,17,84,1285.9414493097165,1230.4595551426205,4222.593974690029,0.5455950535970653,1,0.8748295306607001,1
74730.86523250755,50,PhD,418,8,55,5505.186880730701,28474.535905692857,1568.0480742176069,0.9446898959801746,3,0.40684418718779136,0
44749.1782552863,54,Master,471,12,4,3132.2288531522845,31842.54517100285,14312.645448483752,0.9795258499016591,2,0.40076200475896573,0
26548.82495992965,36,Bachelor,774,11,84,279.5538022944388,26307.625917752255,17406.331700319675,0.689507610728635,2,0.4439731922835728,0
81878.39903771061,41,Bachelor,315,14,24,293.462669194976,41252.83625798304,18040.927801502425,0.0008126104838837023,3,0.037834029063630537,1
49001.28631168509,39,PhD,502,16,49,5776.220045897808,19417.97039700993,2167.9584577855985,0.8005084061527835,1,0.8653083566100438,0
53759.792062892346,20,Bachelor,385,10,95,829.1544320366118,30788.90334198797,7711.416766904512,0.8881266647596443,4,0.7054176736646298,1
69123.78351652043,26,Bachelor,406,6,31,439.2826228233493,6638.792891802956,9441.788682802438,0.9822770146703464,4,0.32153726391287285,1
87328.63414271429,28,Master,791,3,90,1728.7853372872407,38558.53761389865,18598.259125195185,0.019551801921178336,2,0.024042780077774828,0
72173.63826933615,23,High School,770,7,8,4598.64680163911,7209.950113462919,6565.828558192316,0.8596033331920118,4,0.18161534276655134,0
90448.79915855464,56,High School,556,10,43,5007.67659479403,38084.22947192935,14079.138637908032,0.8666374575953036,3,0.322703088784171,0
45515.652611172685,56,Bachelor,486,14,13,9152.665197395412,16541.161296934304,5177.894084548492,0.19271867779153562,2,0.29600087887350424,1
84853.51254344228,54,High School,312,6,5,4196.691842641668,1717.6486662051864,12641.808627720475,0.8384019213940651,1,0.8863428000821111,0
38922.695822946414,19,Bachelor,519,7,28,1077.788140881838,23002.529250330233,3149.3440396679352,0.046751689248554995,1,0.7950130497618826,1
96459.37427289585,54,High School,681,4,77,2309.1592447466624,36063.985397526376,15336.386533797237,0.06932612529770565,1,0.1928711504931122,0
76561.62072908615,23,High School,731,12,75,9454.086862291833,45158.101076343286,1846.4391634342562,0.5931626190211768,1,0.9053562421036553,1
41163.075783516884,23,Master,672,11,44,5951.520381870461,38364.44155084561,19968.520560682755,0.9652063353087116,2,0.5481430277761118,1
96052.79428666932,56,Bachelor,334,12,54,3553.426161530129,27917.26785494619,16226.6959760983,0.47052332804932495,1,0.30326736896279205,1
79814.18550776184,53,Master,624,15,11,8927.115179196811,18486.635290400547,12641.236407100558,0.37775869209669244,3,0.13014688380874517,0
44045.62319462694,42,PhD,472,12,44,3005.7420613818363,28356.962831955305,15601.508048950536,0.4974548387657889,1,0.941708224094121,0
40998.39830256115,33,High School,540,17,7,8810.947001037039,44366.09049199038,1057.5034564907755,0.9881924181265406,1,0.06582614910903128,1
63865.053544799746,38,PhD,667,4,72,1211.33732627557,43256.576777282324,9139.50720828594,0.6638667241087542,4,0.2617838757314588,1
26924.70385408987,27,Bachelor,498,18,1,9382.293572294631,1474.6937227355315,12278.820817994396,0.5495090642564289,3,0.8388175316479924,1
40560.2556580832,22,Bachelor,562,17,52,9376.863574360614,34002.7226965328,19547.826260534108,0.7921537410440993,1,0.27900428712972536,1
56851.41015636297,42,Bachelor,732,11,35,3452.6984916880087,8503.454646173897,7951.406037738836,0.47410644169802685,1,0.48084949441491787,1
53062.74852506691,48,PhD,693,10,97,175.48760207973245,40384.38357306325,19439.329019146968,0.5006995337456683,3,0.7842866135976853,1
59768.1568273608,20,PhD,840,4,24,3530.4143422522407,42405.62999892015,10795.436084222749,0.7742942268610461,1,0.5909982040843584,1
45822.152972104894,37,Bachelor,377,16,65,1808.1101523469556,43311.87550852163,2318.2510829557386,0.4771172799791279,2,0.7132399497129472,1
69008.82598436266,21,Bachelor,693,5,72,2660.6710144373346,15239.07897088052,12713.5183068024,0.12913462737681003,2,0.31214598381792236,1
89789.17044424237,31,PhD,769,7,31,6256.828772691429,32826.025820160634,16619.584925891693,0.03342435931055443,1,0.19848480593377116,0
33814.88919715248,29,Bachelor,821,8,19,4430.981856449206,5728.264534105573,17855.555493060227,0.6431637640104773,2,0.603471851773445,0
63803.43303655856,31,High School,410,18,33,7363.126921193682,48746.97440658757,11047.873898433905,0.10587469748938216,3,0.16718375134369,0
34905.107975886494,54,Bachelor,464,13,3,6370.370384687635,21061.645209820734,9451.512318148838,0.8881161738426713,2,0.5389786251113551,0
78764.47608944454,35,High School,584,7,39,3005.57205529858,27705.78725738657,13123.746359956265,0.5034977523913096,1,0.8422404713067219,1
54704.47771054703,44,Master,800,12,13,3238.7653853206166,25689.301145010348,2185.7729889059055,0.01561450298243272,1,0.600809837293495,0
67406.59838938818,24,PhD,364,12,65,7981.464066514448,32162.430546230255,18892.858848426018,0.2710984167591699,1,0.6383224776865615,0
38745.9877160559,52,High School,441,15,73,5321.630482223538,4829.747846784914,5558.2590884150795,0.5831685561060438,1,0.2759309123026892,0
35863.581950753294,39,PhD,535,12,4,1273.805927994307,5406.513173307545,12920.09801597224,0.32962118079581504,3,0.9901245445396686,0
61604.22104867159,38,PhD,814,7,14,5867.231170319713,4809.705008714896,12467.346838499401,0.38077479001237935,1,0.2941019537793038,1
51670.95533874667,60,Master,721,14,91,1379.7893874112433,10019.219134479998,14712.195569227253,0.8934213907063167,3,0.35743404469027995,0
95532.39589396097,35,Bachelor,387,14,4,8687.08165111982,20732.65348442136,17217.105325649653,0.6489846404449605,3,0.3858457103917028,1
82399.39403552239,55,High School,815,18,71,1292.7019493137893,20441.57137009399,5801.024542987346,0.2479720478105607,1,0.9499470995691722,1
81149.77148879104,43,High School,411,9,7,6694.081198913719,16257.395904082234,4931.552461804842,0.8736891941432211,2,0.6106845487333249,0
92778.98048094501,39,High School,790,5,21,8968.103716642097,38643.575895119495,15178.397111624194,0.8406632009253444,4,0.06049118219912508,1
31256.682658151392,54,Master,328,19,59,981.2352545092051,42379.58372784539,4543.285272366262,0.6393711657054136,2,0.3786456351515688,1
66414.4352441805,22,Bachelor,609,17,3,5302.32179915101,5571.649232628738,19164.813390995016,0.2439653864058019,2,0.14669378159684776,1
68835.70517168267,52,PhD,669,3,86,9580.908736851641,7308.462731371698,4747.86389730173,0.811244836951103,1,0.13864845251848035,0
97145.22839104218,29,PhD,659,9,48,2779.427788119584,1895.9770999965194,11002.921995125243,0.42586827462995236,2,0.5947899616760679,1
46911.06450944116,52,High School,497,12,53,2810.679399476984,7665.874293829067,13469.169100798965,0.27996546408812184,3,0.3520165161178531,0
43062.15849365851,51,PhD,840,16,59,4700.524001631885,18821.43351489771,4242.769280658422,0.2157910684479345,2,0.5405704460592856,1
32522.045669912335,64,Master,427,16,83,9477.032937252792,30889.58476616717,8332.913194902783,0.25232305138669897,4,0.6206584934285575,0
26232.222219360567,37,High School,471,14,81,8010.136921584466,24499.65716951733,15802.448819734635,0.4568085719683699,3,0.48781988602738713,0
94714.69875941428,29,High School,383,15,58,2711.856325092864,48647.48691538446,6702.952215065395,0.6167425107938393,2,0.21539148493106275,0
75243.74099431824,51,High School,362,15,44,2315.85356349136,1506.068064388122,7539.764409335833,0.9025767242076363,4,0.09244555748474748,0
83886.46840173533,43,High School,502,19,34,1986.1675008444745,34210.98177322893,4878.303739259766,0.8278130663813306,3,0.3003750076482451,0
46129.75793154618,51,Master,519,15,70,4297.254996178556,9726.173394908066,15412.433137879862,0.2045170996152582,2,0.5385158978302585,1
68980.7624639745,49,PhD,466,14,94,8079.056781049218,21965.90984368677,5550.104700270407,0.8934945412833251,2,0.2793530747784173,0
29796.644959073587,63,Bachelor,331,2,80,1523.0220596863442,36759.717735217644,6145.963489940119,0.34471945262387915,4,0.39177811190874134,1
61422.06969509672,24,Bachelor,682,5,90,6170.596792638466,3828.2300692476792,10326.713323611295,0.5181157410718858,4,0.905704833849427,0
98312.13548083352,43,High School,321,11,25,4722.903862895588,5042.669809217022,4644.023594628003,0.33048422889591234,3,0.02633465974728766,0
90737.89339874432,42,Master,792,19,61,6463.208098872277,38453.40178474505,5362.872225467065,0.8149708755596845,4,0.0827234838626052,1
50361.92138776342,63,Bachelor,671,5,65,4034.8519817736606,20922.162024456375,18598.338381919588,0.1103371248730024,2,0.820062331981091,0
97117.76159061238,56,Bachelor,655,9,62,7598.222111880885,44350.48260777766,16239.544454708177,0.9233264109379532,2,0.18610294345702771,1
42377.62198534034,34,PhD,469,10,78,3210.07527361849,23741.432297653468,6103.623056417165,0.21809335519158024,4,0.8322142198596442,1
96198.9116811761,41,High School,550,15,13,7221.6739329592765,34674.74715172838,14283.07442529344,0.25783530254433773,4,0.6248515401505753,0
95603.3278529874,44,PhD,553,14,71,9596.583803377433,36801.76533708326,7920.820451564386,0.17570897366738625,4,0.10941640276125986,0
84940.19405142937,21,PhD,579,13,50,5792.417513872286,25617.90584629891,9075.486803997741,0.11565777700487168,2,0.33428144199835674,1
72283.59526500932,44,High School,422,15,4,6345.606678753152,43820.16874986446,14411.328567723589,0.580876812479653,4,0.9615893801064854,1
90571.59749687102,64,Master,537,9,33,5248.011997585795,30842.75428440662,16303.696463283122,0.4391352738327974,4,0.17663085952923407,0
46976.521338084756,47,PhD,336,14,50,4859.503769750728,9038.18497214856,6007.50596595893,0.8168998523671417,1,0.4134359417622815,1
88670.76664846887,20,Bachelor,812,10,14,1685.4681952346773,23616.85301244605,4301.298970439848,0.3371611555415661,1,0.30730965957625844,1
71340.75189381429,23,High School,367,15,76,6875.48957563442,3532.9114611237164,9358.08191520042,0.7801563368299022,2,0.5098151136735432,0
25992.76433191746,25,Master,587,13,18,6061.718638124868,49704.49391578759,5780.386803201348,0.5863273825544048,4,0.43438855308610924,0
51042.513844916466,33,Master,316,6,69,5528.8576048182995,3803.1703787850042,16273.061875709593,0.6876424839678832,2,0.9318590504166062,1
36110.56457111238,32,Master,582,14,88,3064.2697869683975,14507.399718706058,4209.344693315518,0.4705678987656595,1,0.8261167966251317,0
98637.20423636898,53,Bachelor,562,12,48,3944.914080700936,34034.14773831263,7208.735942954147,0.2769161608365044,4,0.580378690192515,1
60877.77302799911,57,PhD,533,13,75,4331.938558454651,13538.881157588174,4670.793100742438,0.007370987268886187,3,0.3338449763554969,0
62304.352412399705,25,PhD,785,10,39,6574.850962962141,41723.34316915023,1629.740657618409,0.25404981712446695,2,0.7511297281811021,1
72960.43872990427,56,Bachelor,567,18,49,7258.936267585587,14956.801352589777,12095.22795062117,0.571263394264206,2,0.5895884663605544,1
52643.84545972131,47,Bachelor,637,9,37,3129.5345711012824,29700.77422422777,15820.64219170186,0.5319335566953445,4,0.1624788788148186,1
35267.52037641992,29,Master,599,16,94,6147.364965366232,40809.116355664664,16536.836730174615,0.9650707339333663,3,0.31204206163303816,0
86658.82998956842,21,Master,623,1,26,3703.7426869160927,40900.29221703319,14080.92759970562,0.7112159333587718,3,0.5683232652523492,0
39238.59339270685,31,PhD,832,13,36,4852.116730530051,44817.615679795184,15493.253001430649,0.1594336260201662,3,0.6999617289796386,1
63348.9236909842,42,High School,775,17,72,819.1750017650256,48581.656134695266,9427.739283055205,0.9915623880222825,4,0.32050428607772175,0
41823.777173105445,22,PhD,811,19,65,5786.776243621785,37070.1679219203,3171.7959221442097,0.3454057115432735,4,0.9102239778025596,0
32338.336337052555,40,PhD,776,13,65,8964.421192282558,29881.29286898965,6169.213687210405,0.5899398035242932,4,0.40819976736899044,0
89664.36380662625,47,PhD,570,19,9,9534.053465033483,40386.16701436662,11653.980627635465,0.12461172639294515,4,0.14917203674839896,1
97968.96167673478,56,PhD,570,18,68,3346.3513117034595,12448.592332394117,18667.731838599655,0.7101473507372322,2,0.21234628384122234,1
97062.59935472501,29,High School,380,12,7,1701.2610063108625,20206.54142370016,13919.282510338713,0.9303185752933444,3,0.19878871220882366,1
92991.66244158841,32,Bachelor,783,16,8,9766.405959313926,45610.95085052236,4511.153876535602,0.3007950899612407,3,0.23380429947795978,1
83053.54995239791,36,PhD,747,18,52,7967.050019462196,49488.00260638386,9826.353212684446,0.8095053186997527,1,0.3836725209843863,0
49985.88640214814,43,Bachelor,673,13,78,2931.7645218241637,48367.37403655526,16910.616329755612,0.9749301989877741,3,0.4649441055466751,0
31082.604249099757,62,High School,343,9,83,44.90043973006452,19064.262303649488,2838.6379326196557,0.31483801193282945,2,0.5422757689258771,1
55543.08785603555,21,Bachelor,455,8,18,2642.0426422417277,9569.980248067079,2504.0333178288943,0.15103924628248433,2,0.9380264901533298,1
42417.5606628207,55,High School,658,12,4,9549.45266914684,15010.174553245819,18812.267938630637,0.9648566648776963,1,0.569959536710166,1
34936.57260684873,25,High School,835,8,9,4742.667929910925,3526.5372407103437,17595.14632084686,0.6242543973237392,4,0.17964633745819558,0
29007.038634011893,47,PhD,590,4,48,2943.1401387765222,1382.8591378870715,9144.25220155657,0.16269153205978204,2,0.4553553572578115,0
79419.5773157934,32,High School,588,10,44,3423.927158567108,2742.047906048195,14756.80532466644,0.5814197207585545,2,0.1688089915968951,1
25857.05939687733,29,Master,578,10,62,2291.9683496941843,33903.671855845605,15902.699236979674,0.42895955470689995,1,0.9110913754677166,1
82793.55613770822,27,Bachelor,741,12,4,5653.044058104857,8097.948871391762,7276.813624099715,0.06340124489225885,3,0.16837611118796925,1
36020.99840502813,29,PhD,642,18,45,2171.6706413224197,24361.739592716895,9288.456795510658,0.893110294688712,3,0.6105565355291481,0
30964.156194006682,34,Master,573,19,76,6958.91552714483,21629.86551516588,17352.58792228334,0.8354205019595986,2,0.5779631054223525,0
31720.227567895403,57,Bachelor,774,17,50,4727.63112802699,45937.50700886214,1254.0135896942734,0.20601171005411045,4,0.6231501778819541,0
75403.58555154358,19,Master,525,1,51,1590.0980740939563,46949.39293533423,7427.8518159599935,0.8344569673534962,1,0.058614382839385915,0
43402.54073896336,36,PhD,642,8,11,9884.063415798206,41490.26340929552,19443.509665506583,0.7882460685493823,3,0.28932232904468,1
56540.460001007385,46,Bachelor,550,19,44,3977.2976311974153,39313.866248165454,9706.178625419827,0.7414726543354179,2,0.3536709162928493,0
66802.65934929377,18,Bachelor,841,12,80,3894.396675072025,42041.90730900302,8702.95690522555,0.23937852005730664,3,0.9231610322092677,1
89541.33803715953,39,High School,439,13,92,4428.534488628821,46575.100080819786,1618.3591646713394,0.03745514572048103,2,0.6085930366223193,1
79528.31970334961,42,Master,458,14,63,2175.71097794961,28744.439692497082,14848.131855250042,0.8180686651349943,3,0.8078216945538765,1
45274.5928929036,27,Master,627,9,83,9628.273085277624,22932.896195339876,18880.622730424886,0.7870413079949415,3,0.49602368512014317,0
34861.20994683457,26,Bachelor,342,9,63,4244.990551383473,41987.44250172698,14257.088101730904,0.19455650782736178,2,0.3973055288818702,1
29153.074031589844,36,Master,627,19,36,5861.633937272388,22256.115609023225,13490.486015616938,0.2640020062929187,3,0.483599089308441,0
47619.897586070685,29,Bachelor,792,18,86,3392.208183866442,14991.673676332632,18708.83305187091,0.2439312041650472,2,0.7871638384773604,1
44658.86119297587,46,Bachelor,418,11,29,4805.576935570533,25119.112221629202,3926.645188698231,0.5236133347639499,1,0.09100696267324526,1
59210.54251003597,35,High School,639,13,60,9040.904218175046,18705.24097019776,2976.814816256521,0.7276409538410608,3,0.9536782379395687,1
76246.10016607604,33,Bachelor,325,3,98,1676.1351634372645,29388.193066136133,14026.580872606577,0.27875100070849135,4,0.603556761404428,0
77171.90842291429,21,Master,473,12,90,7934.015870132332,25552.74322065497,2399.2862055339156,0.18131126202934789,1,0.18622225076203913,0
46263.9134936625,60,PhD,677,7,75,4621.364057877342,27144.58586393167,18267.81555839652,0.7181113669292379,4,0.04376326736930347,0
53494.521692509035,42,High School,790,15,2,2569.4118517080856,3033.9187932058558,14012.286976222369,0.9376867251205466,2,0.12808743395503164,1
38586.32213026773,39,PhD,431,15,22,6864.697599343876,12670.205696626088,15736.111964158828,0.36428708904637186,4,0.10710380910869255,0
84140.9134229889,46,Bachelor,549,19,26,2443.325750291587,17214.523297319243,18061.472241571402,0.48328968944922235,3,0.40264467451367625,1
29263.605732493023,39,High School,849,12,11,1533.7444759728114,6006.942860284577,2570.270021011577,0.9138873711215301,4,0.6919905673071703,0
77274.79312937404,32,High School,461,2,42,3301.561479407905,30326.340312564433,7402.433755976746,0.772565426141367,4,0.250182532942392,1
83402.15469558275,19,Bachelor,744,15,14,2928.829301125886,9284.543175007218,11529.12695532888,0.17496039283858045,3,0.38504929493130047,1
83305.56713865648,30,Master,819,6,52,7303.697637073253,8103.751515311729,17222.8775039889,0.20515039800326706,3,0.5641958601305929,0
44456.69232590162,29,Bachelor,465,7,67,7660.04742345731,24884.055226597342,11563.771689674097,0.05359972747306485,1,0.8134630068483348,0
53035.985344942106,43,Bachelor,654,16,83,1058.3182263252645,22411.29408461229,11908.855866652166,0.27025295370097957,3,0.6076752072564325,1
69069.97263972918,57,Bachelor,572,13,85,7678.8015451231895,32216.74181344416,11887.999463491378,0.4733281962870217,3,0.18520831213160927,1
45461.64268183503,29,Bachelor,788,10,8,2565.6839568874157,48531.52057158661,13649.110539941958,0.30419968229290517,2,0.24418344520007995,0
52813.95994134166,44,Bachelor,467,4,41,2265.56208973867,2984.01255208743,14757.82937715422,0.47135806456539975,3,0.37140953080009,1
39779.07101392297,63,Master,845,10,57,7057.523637455341,25102.183596609375,14034.850698285478,0.6160389318256394,3,0.4870522026507763,0
59489.19128170056,52,High School,501,3,86,8737.523091832712,40937.248765640266,3625.0209492470563,0.9308734685908501,1,0.8842059196843302,1
28345.922594058557,19,Master,387,2,38,6072.415492853491,18054.761581163246,19822.047515022932,0.9234967873426324,4,0.24666474710971042,0
84984.69134279634,34,Bachelor,624,7,47,9391.305050664596,21002.21177476571,17188.45712245252,0.6222680517724287,4,0.9276819407656572,1
30771.733523997456,19,High School,580,15,84,6654.2643097060845,6509.615942473692,9979.86467784372,0.36609220954812627,1,0.7734588680546811,0
63912.636162364455,34,High School,306,17,91,8546.454672676791,26876.150659715855,13225.596352462915,0.2578729229927631,4,0.3195133253773692,1
48010.75746588971,51,High School,670,19,56,5206.2219014796865,3494.2805728189355,6078.554045789394,0.6069427820182067,3,0.9668006316665314,0
68315.72116235316,51,PhD,516,14,7,8857.206215045899,15805.231585542246,16768.27979652335,0.6472343839370813,4,0.36878559387869403,0
96957.50056250689,62,Master,361,15,1,1151.4794800517202,33704.96884992267,12419.510070469398,0.2679812518809208,4,0.6794331792000349,0
73417.76833420029,56,Master,487,4,9,3864.0104082608404,37743.27916480572,5989.606781214437,0.05860598516149429,1,0.9365537663271488,1
27652.18268166182,58,Master,803,6,86,2894.104686284884,14124.127497919206,16975.840517690784,0.353522316758045,4,0.7892133939120307,0
57280.18296310459,26,Bachelor,758,14,38,1492.3584707541072,27469.392282467787,2870.6040544412613,0.9545410640913685,4,0.8865067749441711,0
63251.26392386877,31,Master,539,11,68,1494.139197859018,26656.72636762391,5847.9983478697695,0.22454797249024094,4,0.16166922605269085,0
65213.3121027589,60,PhD,328,19,47,4428.642947631804,36828.09374377973,7410.943961260179,0.3102124760789674,3,0.6435210946311284,1
76104.43829528784,37,PhD,452,7,42,4424.355334988622,20089.64692304594,3359.768528961565,0.2928461644349144,3,0.0799077058806561,0
45819.707329882454,50,Master,687,11,93,9107.117463268656,17017.805860818597,9821.714567846555,0.7013661231057776,3,0.9799539335023948,0
34664.54240997401,41,PhD,766,12,64,9410.902922747164,6857.639114847982,15548.896627987804,0.7350120580822639,4,0.6982787003461687,0
54450.67574103207,22,Master,562,2,58,190.76596560196114,22602.98614513771,8736.45072326297,0.4443183359224896,4,0.104226416344668,0
96730.42920969616,49,PhD,384,10,40,2591.3472484312315,16701.66958093222,14202.701769760688,0.912818496801093,4,0.7929998827283793,1
39034.81688131335,40,High School,577,17,66,84.46139182786028,10601.35868287816,4686.623781614176,0.725246529213617,4,0.4623078664477247,0
92798.79661961777,18,High School,583,16,52,8814.126252817363,8985.867671696345,16713.57052109296,0.8879792324838656,3,0.0795178443380824,0
65785.44625579947,55,Bachelor,748,18,62,5321.101979706331,17161.976792357982,4239.256300245106,0.8520970354646211,3,0.8043686936517274,1
59268.35662343244,49,High School,666,2,70,1611.345605346407,39784.308230911236,14323.725236771777,0.7725930137478035,4,0.03525465093239,0
91153.10576724172,33,Bachelor,687,5,59,8304.731019914067,39447.396545978205,6350.196292700204,0.3209307346620981,1,0.795331096548181,0
59395.29713264394,37,High School,307,4,92,717.4132625446972,48952.892701273224,16524.648666309797,0.1368509882064114,2,0.5742210143265071,0
79312.57274586573,33,PhD,676,10,96,8536.248244243812,21564.55634128798,19328.176692733337,0.6732901256060714,3,0.0027060494748132324,1
54926.89912773265,30,Bachelor,636,10,41,161.5881615296211,44471.15122046927,15763.494341392792,0.7002344886158373,3,0.4453352005920973,1
92803.32946757184,63,PhD,759,14,74,4548.903534657717,46750.146540545255,2025.2892706554658,0.7529397437145141,3,0.6105838405296311,1
76751.87651434206,28,PhD,686,7,54,3539.6682356615484,18755.149059267453,1748.3721610589598,0.8106394656185552,3,0.2051203263971888,1
77471.65406878875,59,Bachelor,610,11,8,6489.986632628471,24933.90949504488,1399.2937297234694,0.39952668724183005,4,0.2361239269063825,0
49579.03011678392,34,High School,817,12,48,5502.160174757529,17635.63073143747,18768.485236085642,0.373202822004427,1,0.06472355616976155,1
81758.39820526668,24,High School,381,6,70,3538.062307797628,6263.801416262084,4399.393118103415,0.3157931410473115,3,0.6697339446911742,0
72704.5791585356,39,PhD,533,6,42,9860.586498737228,20703.910805133008,17232.50938175816,0.43308346232064443,2,0.19451422905939697,0
43001.52050347821,48,Master,410,9,29,4293.437955128625,48205.34653844979,14934.87653918544,0.8718879270005787,4,0.8610892115708535,0
37040.41168639423,21,Master,330,16,86,4846.959601305568,41293.42757809749,13843.532327826702,0.0019144801492811947,4,0.7585218622805514,1
84729.36058879987,34,Bachelor,428,15,12,6288.10459066293,38329.89787044885,1893.1669926720715,0.5500661789607959,2,0.0929607730513341,0
96937.49522764169,18,PhD,600,1,4,991.6065193360168,5945.3906302956575,11826.93440280357,0.22369208843439725,3,0.5576726151072287,1
59360.41204450322,19,Bachelor,536,4,19,8814.204638963416,1528.8081474495661,19491.85502554085,0.573652061214092,3,0.41250902222515806,0
69323.81239927637,50,Bachelor,554,2,36,5660.0261993185195,7858.386411912881,13283.3981165837,0.08622063437824679,3,0.7787256742276993,0
89329.1983145166,61,High School,300,15,47,6756.892126329703,20055.555076798617,6493.787294827026,0.0847087865800984,2,0.6621908717825321,0
59291.75900153928,36,High School,713,7,18,9226.396515611768,46133.20047368387,15584.551944226509,0.1899865196300663,1,0.07815469715129753,1
96390.58576245522,36,PhD,528,4,28,6423.410057260575,7534.65313862377,10219.54393375159,0.9850553188900296,1,0.9816559861657389,0
68181.33715336543,40,Master,487,5,55,717.3451471545911,29051.67733296573,3221.71318149476,0.6458292869635994,1,0.2569281635081284,0
86557.53405259862,33,High School,321,6,74,835.7853669077653,27254.224926302428,17647.40413469487,0.4309832112045242,2,0.2555595534762307,1
93163.27888095537,33,Bachelor,363,9,20,5682.312662977397,8881.879915334961,16285.967149453903,0.30156657489102956,2,0.3047904407913916,0
86164.28640764266,46,Master,804,19,72,1166.6521654074568,39841.09372843978,1507.7207205047944,0.5808353708987087,1,0.9760558059674195,0
36956.0847586717,25,High School,338,10,72,428.84481983816227,2708.3045995532584,1773.4914332075043,0.4531982594887133,3,0.8037817179959541,0
72167.38292962752,45,Bachelor,443,4,44,3836.6198732958355,4858.00141590933,4585.331324666906,0.4622684083973232,3,0.08605154661831727,1
54882.56939647578,42,High School,829,3,45,9781.124216617673,42444.768873887755,17397.697260584908,0.3848307690594518,1,0.4179831576270524,0
29703.47140175093,42,High School,536,10,47,5497.102488722558,17957.98508238853,4696.731819047644,0.24123626127286035,1,0.8552856282697954,0
56802.41889173815,30,High School,706,14,35,8848.118936179419,49219.91690816857,18512.752453615292,0.08445116305606215,2,0.34922310175151705,0
44401.30501670558,31,Bachelor,761,18,34,4528.555796353352,12582.225012216599,10706.424202812646,0.686189652202291,2,0.29141402434673935,1
88677.87313213831,36,Bachelor,475,18,75,9306.55457057404,45123.46470307881,6457.79347495294,0.17724986134944942,4,0.6394010219079078,0
27497.846991002214,32,High School,567,11,70,299.1454467554067,29116.99946749197,3375.700577790064,0.42549519764044663,2,0.3676734745044764,1
96923.70413976052,32,Bachelor,798,9,93,7194.50111035725,20275.87284322509,12019.092686968648,0.5872475696234853,4,0.1616179757402767,0
51652.663635394725,38,High School,347,14,47,9553.578884036393,38698.52700518996,18034.11158202296,0.14685613857609436,1,0.4832709894447341,0
51753.016780190716,25,PhD,797,11,33,4695.667321093511,42152.64407135514,12786.898939443025,0.5973596892949421,1,0.8116960711315309,0
26224.63770127809,62,Master,554,7,84,2538.5504701743166,16317.785958045883,9251.82346020865,0.36217450065197965,3,0.8445239798184664,1
38892.424392713794,61,Bachelor,674,11,40,6515.042223363095,24367.640060755155,12875.171930955075,0.255602354354846,4,0.6156545719719185,1
55094.46256027065,45,High School,728,4,31,3819.7408286966984,34108.155965241705,14960.07803964277,0.5485991053254992,2,0.9991203372684289,0
94696.85629770355,62,High School,628,16,96,3385.4227004850536,35206.27836063275,5544.023361822262,0.9890597040360745,3,0.9846708274493401,1
32471.11976659535,33,PhD,692,19,48,3573.8786767553534,15716.717925371899,6129.984958979625,0.7685863488200171,3,0.23869487548802126,0
95897.61501093097,41,High School,500,3,2,4116.694213420179,5542.514230068879,17954.698137316715,0.28525646201792276,4,0.7709209354313307,1
90211.63979099742,29,Master,792,5,33,4508.951991738985,20164.145762470318,15833.344203223582,0.5015358045552706,3,0.18389542573546758,1
59062.17976806638,31,Bachelor,318,11,64,1667.0466703627328,17890.55920448927,14802.880076479241,0.4060705805867786,4,0.4114165688648619,0
49502.566132619504,47,PhD,302,8,46,6762.737585145276,5391.247151788431,13741.362592204046,0.5254606633315051,4,0.009963519585645564,0
42455.80969592926,49,High School,497,19,56,8401.980905612287,20266.242799178883,10867.491091046086,0.6915488930982812,2,0.20143783158048356,1
71084.85298576558,64,High School,521,13,65,7342.920781328898,28986.676822383462,7885.84619617781,0.7877416525663464,1,0.223618101550344,0
27480.594360662923,36,High School,805,12,86,4195.852690061283,49820.52772977039,8444.06154601122,0.9557833701498841,2,0.9877628475589847,0
26170.454833512114,22,PhD,529,13,23,1661.3637497623613,38093.4316016097,2507.6211582144333,0.29505810227893414,4,0.04164528003543899,1
57159.67918736784,46,Bachelor,662,18,28,7118.192124953724,17198.981152383843,17837.649921116572,0.3242552556697127,4,0.9458516999671361,0
30105.555548104014,19,Master,457,6,6,526.59213291266,21373.39495517345,1399.376991747298,0.02237618178108325,2,0.8381919245159608,0
43895.57411845696,41,Master,455,8,36,5019.463732319225,6789.737316597075,17049.731783826428,0.2996619832906293,2,0.022479371466606612,0
41587.06865095629,34,High School,742,5,36,9497.960345926165,40429.5656269829,9655.45946187101,0.9417090760446566,3,0.13673265977287474,1
43989.339529213896,59,High School,695,11,68,3514.9555619001726,28724.650127134417,4501.411976560506,0.8333995413972017,3,0.6290302773067727,0
34829.14234114433,44,Bachelor,605,19,29,7336.7398521937885,24186.435471804176,12836.788115117848,0.1189864515595227,3,0.3507985280090634,1
25902.71671732407,20,High School,628,1,92,9347.065804904718,23280.53712271136,10749.672248526222,0.9646399414850179,1,0.3413595628923364,0
33661.3222854061,35,Master,644,12,10,1161.7075423592128,12395.30397908314,13172.942925122947,0.8879107082800554,1,0.696471248001239,1
71386.01946345609,38,Bachelor,815,10,44,6091.508170474952,14418.117833630173,7949.643116840436,0.8580937215558655,1,0.9947555764323005,1
98069.21596135377,56,PhD,311,19,4,5631.488707135378,16854.89131143392,16172.60676764207,0.9239820498923286,1,0.3327122342770956,0
99275.87511706704,18,PhD,734,14,12,4935.828096296536,1087.318820800049,9136.41186166055,0.5339878628758593,2,0.9230438748083212,1
55679.057152979614,24,Bachelor,431,19,52,5110.53899611246,27531.948424730548,8381.311831005007,0.9709567234917367,4,0.7284417271340857,0
37221.581953495406,62,High School,810,13,87,3987.876096219152,49505.71653345062,12901.227874084334,0.026196989491965694,3,0.8469892905868056,0
72907.13180248969,40,Master,457,10,5,1356.9284825999762,17082.64817028989,16885.598501343884,0.5624298763008173,3,0.5088380966332691,0
61772.900991155286,33,Bachelor,367,9,30,2101.208284747349,24406.26150723812,2666.3508870178334,0.3730949723873156,4,0.533289888653026,1
99205.73329633236,28,Bachelor,503,2,61,563.7153662776107,44111.35528048001,9311.471647800274,0.5640670602222115,2,0.5464648566830297,1
29897.815536383514,52,High School,675,18,45,8311.042617690842,27192.122212667866,9986.611214716706,0.898365412902783,4,0.5651391152090528,0
83742.58287353598,58,Master,379,18,3,152.0531142530135,30165.980777818542,11106.872399551883,0.44936538784657554,2,0.1444411075804195,0
46629.88729986204,56,Master,601,16,95,2271.8558039055947,18549.68553242988,7193.4975886358125,0.22745210568399,4,0.20704540414082961,0
43106.39650574305,39,PhD,379,17,70,8424.602119281635,24294.72607960329,4489.000958976117,0.3587400672686293,4,0.1537246750386797,0
74687.8428649507,52,PhD,525,18,48,9160.2336963347,26416.323394609513,5341.379546028799,0.4457318346793445,3,0.19097124650028452,1
43454.738874322335,50,Bachelor,311,8,77,3234.7807849230157,38358.12794047208,5686.407952721585,0.4549336998991069,4,0.6649674977721642,0
74939.43381693907,60,Master,803,17,18,6827.5535111083655,43775.56275034509,8869.260148073754,0.3378329106698976,3,0.2065001355206767,1
63798.13879017166,62,High School,433,6,80,264.9326201254509,33518.47308576615,11522.290697342662,0.46264651055962525,1,0.878394511115321,0
56806.6741326887,53,High School,486,10,57,9386.713902472062,23043.507572962062,7304.527288387264,0.34651960517426783,1,0.11947230576289236,0
66601.58564960642,59,Bachelor,615,15,42,2117.563978520337,42395.11348359632,16687.216874163114,0.30058439450895325,2,0.9887402233578267,0
46528.863993972234,57,Bachelor,844,13,25,1500.9134095876243,11927.074196255326,10041.324764600682,0.8612351747818215,3,0.0014321579961595887,1
77993.10297047341,45,Master,471,15,86,917.361458848801,18215.067859675964,6810.837389955578,0.8451637798976483,4,0.8438745413494361,0
56114.2652000173,28,High School,616,14,4,6688.80873606054,15128.22781074388,7567.099421982745,0.28401918398242865,3,0.0019906256427620894,0
52040.91703644192,22,PhD,585,2,61,3322.3731566281335,21920.175582296048,19796.27216467926,0.8921052763229037,1,0.785468388593689,1
87149.26859168033,35,PhD,550,5,47,5268.936733782472,37479.204445864816,13569.092045457184,0.42366062280205397,1,0.7276548005285257,1
94372.51839648941,21,PhD,455,6,32,9827.432825282349,9216.016992632964,8783.859695220941,0.3450572247497832,3,0.6945408042168116,0
28450.54831654727,55,Master,329,13,71,1250.8376674952615,44359.0390080512,18040.117204741862,0.2143939600391016,2,0.3508833225641529,1
42447.02446223241,48,Master,426,10,52,5692.662410397938,28410.19621246108,15527.631141380272,0.7110042557514329,4,0.6270878998106969,0
51138.95271194224,41,Bachelor,372,13,98,2913.812036536062,21688.536526904103,17427.6584966301,0.029144756340689915,1,0.5994054687203575,1
86122.48595276856,47,High School,375,1,48,5606.203949920166,7431.197392191357,4061.2170435167886,0.600824843654325,3,0.7395375595631365,0
98911.85707324732,56,PhD,397,6,12,8697.172075664663,31073.459769821355,16245.940977196113,0.027979260775390147,2,0.7100103704473395,0
97672.87785027639,48,High School,506,10,63,6733.993857385328,16563.462327831538,10122.170722395187,0.2923273978260734,3,0.24823190814778107,0
92871.12591624452,29,Master,567,2,9,9409.70700575811,36805.31987757102,2294.8112646872614,0.9730025812782608,4,0.7095903417842528,1
47241.719879802244,20,High School,758,18,63,7433.12298797784,48835.29082980967,2748.6970156222224,0.5918348801319834,4,0.3124681808498856,0
99400.84325608556,47,PhD,332,2,4,5102.870175924629,10130.751522088203,11894.570008071949,0.2930135467426731,4,0.3855006500453625,1
43706.50307923384,25,High School,340,11,56,1387.2702474294074,2805.296660823368,8385.593258064451,0.2883328218439206,3,0.28777363810009127,0
32942.96161616741,27,PhD,498,7,55,1037.6034791854893,10929.486322511628,2345.631939377944,0.1253944721879532,3,0.7392013752557319,0
96321.44582915456,41,Master,586,17,42,3196.150455250606,28668.577757384253,9290.981761924917,0.3308072903501006,4,0.8346721457657571,0
42506.51916010722,18,Bachelor,423,8,55,3556.8555886258414,7420.0284821821015,16050.836280851738,0.450324165259097,2,0.24864981484207838,1
76732.61988083128,35,PhD,591,7,26,8207.25140068123,19181.202985484953,5085.221901873398,0.7137202135995308,2,0.5140876212767186,0
29376.72692354415,58,Bachelor,768,12,7,5035.977455422421,10544.136653646436,14728.346229978091,0.5666485461103287,4,0.7056213468885638,1
79803.1824345607,39,PhD,457,10,72,5208.242721052877,36692.34986822473,9099.862362601449,0.04180088963520168,3,0.824535288693493,1
91129.01592503798,48,Bachelor,511,19,64,9971.796086584169,1158.8511224194226,7245.2514303795815,0.3459898066912461,3,0.7272559456368087,1
45432.76715994719,44,Master,660,11,94,6339.558918260839,2967.366297488712,8937.350274537857,0.050998664909290614,2,0.09918326473282912,1
53429.26720580714,33,High School,390,7,70,5831.419065858817,36852.04497678591,13082.155493954519,0.938761522149851,4,0.684089190875284,1
53072.2137490687,35,PhD,838,7,39,8282.669370747586,48460.92537493182,8275.630737259491,0.4254845079566405,3,0.9054001265076291,0
81159.11931550998,28,PhD,523,3,68,1520.5256460879357,29935.862030410444,11135.686089502366,0.5988235487822046,3,0.44198092279179313,0
42835.54319042791,35,PhD,501,18,8,8608.297941571558,4632.531639055987,2421.933723633332,0.7302832272942161,2,0.7426077379116112,1
37888.982428573225,21,Master,348,11,44,2657.0853987311825,40073.431232891526,13615.642323333963,0.003570919375918691,1,0.9619253420693555,0
58696.873651580354,57,PhD,675,8,24,2916.948931225,2315.070758515491,3747.0057346704766,0.10561688031983618,4,0.6939652977828502,0
47835.130553298965,27,Master,618,9,89,6771.508915552242,10799.510111821886,4209.433498419368,0.536201862661894,2,0.2897267369160198,1
87939.18416939893,47,Bachelor,593,9,30,1211.6145688982426,24232.100164780586,14235.031696248021,0.6011934901263571,1,0.4520748391777776,1
42830.636951172906,21,High School,305,5,52,1794.329629024811,30327.30610119273,19828.57513735678,0.7243066719337894,1,0.46870680097121076,1
62679.209311694605,25,Bachelor,355,3,18,9701.078696904671,20714.697133643138,18168.52556990884,0.11475285985846484,2,0.8490450059882779,1
95693.76997734478,34,High School,776,17,57,6268.266868350327,32278.547663844194,9690.590002406765,0.35725625066858313,1,0.9682713093675939,1
72549.82733084956,52,High School,730,12,44,2539.7189765420735,26594.02873097497,6753.47185119913,0.7467814197295457,4,0.5932000191454627,1
90046.70540968486,22,Bachelor,338,4,34,8997.467379749976,45457.367565731205,9455.434413080442,0.23918533021210198,3,0.07692222610508015,1
95515.72670160755,44,PhD,564,1,49,3495.577757673076,49971.89522601886,11634.608217988287,0.9674751333540988,2,0.9495502315316093,1
81307.3646414764,54,PhD,493,6,79,1547.2331893535763,36779.49405440288,6015.778430543195,0.9744515710162046,4,0.9940226337787033,0
77468.12951685635,24,Bachelor,622,8,43,9803.220340371654,5271.280803134838,14712.121986393051,0.4855060909081014,1,0.39557723656941124,0
97597.41749531703,50,Master,362,13,81,1158.4932679382443,17164.518825852145,1457.4843896781479,0.1302898086632589,1,0.8258456443874183,0
99580.05922357595,35,High School,316,12,2,5729.9575701209915,26563.014550981225,18909.46260776071,0.018584115945188384,2,0.433878609208738,1
58886.62620023197,55,High School,489,13,54,7500.746108180826,13850.66322199539,14794.127901053354,0.11822138700972418,2,0.6954627647591253,0
30315.233363815627,45,High School,494,19,65,9313.925900032304,43812.512812599365,17588.109958782617,0.37641960640495753,3,0.041871877171102856,0
46959.55235803891,32,High School,567,16,57,1100.310000480531,10627.227488213837,7432.3097420677495,0.3381011154848603,1,0.8906871321456702,1
36426.602926579784,40,High School,715,13,16,5278.05228875436,11018.870089947904,18707.829464305676,0.7728037356068983,2,0.0447923105422422,0
56311.47810970088,49,PhD,694,13,81,1325.173318860904,45343.41443048199,19812.308926525537,0.5697625264646181,1,0.22007109741060094,1
34846.6996354942,26,Master,320,16,73,7720.473495193555,33797.813002983756,4409.463560703472,0.4387938689577451,1,0.5677494795483033,1
70308.83530156614,47,High School,400,18,21,2042.9239350918692,31218.01838542217,11912.965709449776,0.1411424490902875,1,0.882645146812897,1
53710.60443683906,46,Master,352,8,62,2267.0526271328486,35630.90795969503,17468.762647894553,0.1448791751385442,2,0.27249293921432094,0
92153.94132161576,49,Bachelor,755,16,64,9984.440444372607,11554.033881026357,1924.6789118320594,0.761165216825307,4,0.08932037948583971,0
97584.60038488764,52,Master,570,2,55,8451.904356476964,29731.931339599992,15740.602771233527,0.9387723100700615,3,0.8095792603387915,1
66016.36762520667,35,PhD,332,6,44,6505.3797743612395,34778.90022003709,1664.1140276341862,0.2568900289240015,4,0.3592976657061294,1
45611.76774006974,46,Master,707,1,26,6405.178168769195,13559.934447002785,13439.64169789395,0.5286460183295603,1,0.7436120532276047,0
69417.28140713775,34,Master,420,14,1,5980.661024284185,42173.333199551584,2818.4567449008764,0.8198829188899183,2,0.19238443723767684,0
92257.08686683074,26,Bachelor,365,9,50,9521.05763810464,28166.42544739986,2908.2838884887406,0.8069004314756371,1,0.2328638237158025,1
55505.00093768112,62,High School,375,19,40,8587.499106437152,25616.60641210093,6463.064912769888,0.6428574243700405,3,0.35406595641520644,0
66405.8707518978,25,Master,808,17,3,6107.21946762539,43212.07170203025,8099.697084564639,0.042929338641889525,1,0.784656746409292,0
45373.957570460945,30,PhD,336,14,71,1366.2896373224553,10179.760808990726,10616.03734170369,0.15794756892745088,3,0.9383563556643448,1
59158.31120875202,50,Bachelor,362,9,4,3687.6084724797797,1942.7816234402803,2284.0726984098546,0.8404675606803685,2,0.7872101228213387,1
55128.515153469896,38,Master,753,7,31,9615.543105027635,38756.403265917856,8441.673158995216,0.8119802897195507,2,0.007766092408525105,0
43631.009881222824,61,Master,742,6,14,1215.3823263473196,11848.21565288282,19190.496117590355,0.666600613355215,4,0.8084568551780792,0
62939.97878689813,29,Bachelor,830,4,21,991.6345142279959,6558.1853563996165,10078.69359361938,0.5772189477387157,2,0.6364284146301815,1
